business,stars,date,time_ago,signal,category,phrase,summary,biz_size,root_cause,pitch,text
Suburban Heating & Air Conditioning,5,5 months ago,,False,none,none,no communication issue,established,unknown,not_applicable,"Great company, with amazing pricing and fast service! They replaced my ac blower motor and had me back to normal within 45 minutes! Will be recommending Suburban to all my family and friends"
Suburban Heating & Air Conditioning,1,7 months ago,,False,none,none,No communication issue.,unknown,unknown,not_applicable,"Do not use this company. First they do a shotty install, then they kick the ball down the road until they are out of their warranty window. 4 trips to service my unit in one year. Never attempted to do anything but put more coolant in the system. They charge for THEIR drive time. Every single invoic"
Suburban Heating & Air Conditioning,5,8 months ago,,False,none,none,no communication issue,established,unknown,not_applicable,"I’ve had Suburban handle two mini split services, and found their team to be knowledgeable, helpful, and proactive in resolving issues or following up on my behalf. I trust them with my repairs and fully intend to continue using their services in the future. Both the service technicians and the offi"
Suburban Heating & Air Conditioning,5,a year ago,,False,none,none,no communication issue,established,unknown,not_applicable,"I have used Suburban for over 25 years.  They are a good and honest company, NEVER tried to sell me something I don't need. They are very dependable and keep my air conditioning running and keep me cool in this Texas heat. I love them !"
Suburban Heating & Air Conditioning,4,2 years ago,,False,none,none,no communication issue,unknown,unknown,not_applicable,theft
Suburban Heating & Air Conditioning,5,2 years ago,,False,none,none,no communication issue,established,unknown,not_applicable,Been using company for over 20yrs and never had any problems. Friendly customer service
Suburban Heating & Air Conditioning,5,2 years ago,,False,none,none,no communication issue,established,unknown,not_applicable,"These people are unbelievable!
Twice this summer I have had an air conditioner fail and Suburban has fixed both promptly and professionally.
No need to call anyone else."
Suburban Heating & Air Conditioning,4,4 years ago,,False,none,none,no communication issue,unknown,unknown,not_applicable,Great ac company!
Suburban Heating & Air Conditioning,5,5 years ago,,False,none,none,no communication issue,established,unknown,not_applicable,"Our other AC company was bought by someone and they were unreliable.  Suburban stepped up and saved us twice!  The other company failed to show when we needed a new thermostat for my MIL’s and Suburban came and saved the day.  Then, today, our own AC unit stopped working and Suburban found a way to "
Suburban Heating & Air Conditioning,5,5 years ago,,False,none,none,no communication issue,established,unknown,not_applicable,Our family have been using Suburban since the 70s. The same owner and never had an issue on home or our commercial property's.  Great company and honest repair work with great employees everytime. They have work on my old ac equipment at my house for years and kept it running tip top shape.
Suburban Heating & Air Conditioning,5,6 years ago,,False,none,none,no communication issue,established,unknown,not_applicable,Trustworthy with complex residential projects. Researched and gathered bids from top HVAC experts in Dallas as we needed to replace and re-engineer very old systems in our house. We are perfectionists and the professionals from Suburban Heating & Air really exceeded our expectations. We like to upgr
Suburban Heating & Air Conditioning,5,6 years ago,,False,none,none,no communication issue,established,unknown,not_applicable,"Darrin was our technician for a recent service call and was fantastic. He was highly professional and courteous, helpful, and the charges were very reasonable. Surburban was recommended by our next door neighbor because they have a 20 year history with them and are happy. Count us as another highly "
Suburban Heating & Air Conditioning,5,7 years ago,,False,none,none,no communication issue,established,unknown,not_applicable,"Charles & Suburban Are The Best.  Before Charles, Don ran the company.  He was great too.  For I would say 50-60 years, Suburban has installed and serviced about 25 properties for me and my family.  Multiple new installs.  Multiple checks and repairs.   I trust them so much, I have left my key under"
Suburban Heating & Air Conditioning,1,7 years ago,,False,none,none,no communication issue,established,unknown,not_applicable,"These guys are crooks! I don't even know where to begin. First, I have 3 AC units in my building and one of them was messed up. I told the tech what was wrong and he told me it was an easy fix with a $56 part. I then get an invoice for $447! When I spoke to the owner he said I had to pay for a guy t"
Suburban Heating & Air Conditioning,5,7 years ago,,False,none,none,no communication issue,unknown,unknown,not_applicable,Charles and crew are the best. They are fast efficient and honest. Couldn't ask for more.
Suburban Heating & Air Conditioning,5,14 years ago,,False,none,none,no communication issue,established,unknown,not_applicable,Great guys! fast and professional! They have been out a couple times for repairs and I have always felt good about them and their services. They do a good job.
"Air Force One Plumbing Heating & Air, now part of A-Star Air Conditioning & Plumbng",1,a year ago,,True,other_comm_problem,"""Later was that night and this guy says, “I’m not trying to cheat you”""",The customer was given conflicting advice by two different technicians over the phone.,small_team,overwhelmed,review_management,"Horrible horrible service! Avoid at all costs. My ac went out I called them paid the road fee. When the tech came out he said and I quite “I’m not trying to cheat you”, which he was absolutely never accused of in the first place. He continued to say that I needed to change out parts that would run m"
"Air Force One Plumbing Heating & Air, now part of A-Star Air Conditioning & Plumbng",1,a year ago,,False,none,none,no communication issue,unknown,unknown,not_applicable,They bought an amazing parts store where a homeowner could go in and buy any part imaginable and not they're a service company that won't sell parts. Heartbreaking. All the old reviews are worthless.
"Air Force One Plumbing Heating & Air, now part of A-Star Air Conditioning & Plumbng",1,3 years ago,,True,other_comm_problem,"""the receptionist was very rude""","The receptionist was rude, leading to distrust in the company.",established,bad_culture,review_management,Scam! My parents contacted this company to fix their air conditioner that went out during the winter storms in Texas. The receptionist was very rude. When my father reported her they sent a technician out anyway from this same company because there wasn’t any other company available through their ho
"Air Force One Plumbing Heating & Air, now part of A-Star Air Conditioning & Plumbng",2,3 years ago,,False,none,none,no communication issue,established,unknown,not_applicable,"This is a mixed review. On the one hand, ownership of Air Force One was responsive when one of their techs mishandled the AC system in my attic causing a ceiling to flood. I hired Air Force One to perform a deep cleaning and coolant check of my HVAC system in Fall 2021. The tech pointed out there wa"
"Air Force One Plumbing Heating & Air, now part of A-Star Air Conditioning & Plumbng",1,3 years ago,,True,other_comm_problem,after rescheduling an appt two times,The company failed to follow through on a scheduled appointment.,established,overwhelmed,review_management,Charged us $500 for a $100 base model thermostat. Still not working correctly and after years of serving our business have now told us we need to find a commercial repair company after rescheduling an appt two times. Sadly cannot recommend them.
"Air Force One Plumbing Heating & Air, now part of A-Star Air Conditioning & Plumbng",5,Edited 3 years ago,,False,none,none,no communication issue,established,unknown,not_applicable,Once again this is a great company and Joaquin was very personable and professional. He answered all my questions.  I once again would recommend!
"Air Force One Plumbing Heating & Air, now part of A-Star Air Conditioning & Plumbng",5,Edited 3 years ago,,False,none,none,no communication issue,established,unknown,not_applicable,Have done business with Air Force One for many years. They're very friendly and professional...always aiming to please. Look forward to many more years.
"Air Force One Plumbing Heating & Air, now part of A-Star Air Conditioning & Plumbng",5,3 years ago,,False,none,none,no communication issue,established,unknown,not_applicable,Handled all within a few hours of initial call. Top notch service.
"Air Force One Plumbing Heating & Air, now part of A-Star Air Conditioning & Plumbng",5,Edited 3 years ago,,False,none,none,no communication issue,unknown,unknown,not_applicable,"Service on time , professional smart reliable put your best interest forward fair and reasonable"
"Air Force One Plumbing Heating & Air, now part of A-Star Air Conditioning & Plumbng",5,Edited 3 years ago,,False,none,none,no communication issue,established,unknown,not_applicable,"Friendly, knowledgeable, punctual, dependable - everytime I've called they've gotten me squared away quickly!"
"Air Force One Plumbing Heating & Air, now part of A-Star Air Conditioning & Plumbng",5,Edited 3 years ago,,False,none,none,no communication issue,unknown,unknown,not_applicable,"Great people, great service."
"Air Force One Plumbing Heating & Air, now part of A-Star Air Conditioning & Plumbng",5,Edited 3 years ago,,False,none,none,no communication issue,established,unknown,not_applicable,"We have been loyal customers for a dozen or more years, ergo, satisfaction characterizes our relationship."
"Air Force One Plumbing Heating & Air, now part of A-Star Air Conditioning & Plumbng",5,Edited 3 years ago,,False,none,none,no communication issue,unknown,unknown,not_applicable,Jacob did the job very fast and explained what the problem was and what he did to fix it.
"Air Force One Plumbing Heating & Air, now part of A-Star Air Conditioning & Plumbng",5,4 years ago,,False,none,none,no communication issue,established,unknown,not_applicable,"Very detailed inspection and very courteous was provided as has always been the case for Air Force 1.  I have been using Air Force 1 for 20+years, and they are always dependable."
"Air Force One Plumbing Heating & Air, now part of A-Star Air Conditioning & Plumbng",5,4 years ago,,False,none,none,no communication issue,unknown,unknown,not_applicable,"Fantastic customer care, fantastic workmanship and very reasonable pricing!  Javier was fantastic to deal with.  Highly recommend Air Force One Plumbing and Heating!"
"Air Force One Plumbing Heating & Air, now part of A-Star Air Conditioning & Plumbng",4,Edited 4 years ago,,False,none,none,no communication issue,established,unknown,not_applicable,We requested a quote for replacing our toilets with comfort height and to replace the cut off valves for the toilet and all sinks.  We received our quote the same day after the Javier came to review what was involved.  He was on time and very knowledgeable and friendly.  We will be accepting the bid
"Air Force One Plumbing Heating & Air, now part of A-Star Air Conditioning & Plumbng",4,Edited 4 years ago,,False,none,none,no communication issue,established,unknown,not_applicable,Diagnosed the problem but were unable to fix due to proprietary issues with Carrier. Sam was professional and straight forward. We will continue to call them in the future.
"Air Force One Plumbing Heating & Air, now part of A-Star Air Conditioning & Plumbng",4,4 years ago,,False,none,none,no communication issue,unknown,unknown,not_applicable,Same day service and a fair price. Only problem was some scheduling issues. I couldn't set up an appointment online but their phone service was great.
"Air Force One Plumbing Heating & Air, now part of A-Star Air Conditioning & Plumbng",5,Edited 4 years ago,,False,none,none,no communication issue,established,unknown,not_applicable,Efficient and knowledgeable .  Company provides good customer service.  Highly recommend.
"Air Force One Plumbing Heating & Air, now part of A-Star Air Conditioning & Plumbng",5,4 years ago,,False,none,none,no communication issue,established,unknown,not_applicable,"We put in a call at 9AM when our AC quit putting out cold air.  Jacob arrived an hour or so early, but called before he arrived to see if it was OK.  It certainly was.  He diagnosed the problem extremely quickly, went out to his truck, got the part, and fixed the system in minutes.  Spectacular job."
"Air Force One Plumbing Heating & Air, now part of A-Star Air Conditioning & Plumbng",5,4 years ago,,False,none,none,no communication issue,unknown,unknown,not_applicable,Mr. Samuel H is awesome! He was on time and professional! He was able to answer all of my questions! Excellent customer service!
"Air Force One Plumbing Heating & Air, now part of A-Star Air Conditioning & Plumbng",5,Edited 4 years ago,,False,none,none,no communication issue,established,unknown,not_applicable,Have used Air Force One since 2014. Company is honest and professional and feel like I get a competitive price. Would recommend to others.
"Air Force One Plumbing Heating & Air, now part of A-Star Air Conditioning & Plumbng",5,Edited 4 years ago,,False,none,none,no communication issue,unknown,unknown,not_applicable,Sam was very efficient and explained my problem.  Thanks Sam. This company will be my new ac company.
"Air Force One Plumbing Heating & Air, now part of A-Star Air Conditioning & Plumbng",1,4 years ago,,True,no_callback,We never got,The customer never received an estimate after being told it would be provided.,established,unknown,review_management,"Dont use this company in a commercial setting, (unless you have some money to burn.)  We had used this company for years in a commercial building.  They recently changed hands to a new owner.  They didnt come out to do our regularly scheduled quarterly maintenance.   Then we moved to a new commercia"
"Air Force One Plumbing Heating & Air, now part of A-Star Air Conditioning & Plumbng",5,4 years ago,,False,none,none,no communication issue,unknown,unknown,not_applicable,"Efficient, polite, informative."
"Air Force One Plumbing Heating & Air, now part of A-Star Air Conditioning & Plumbng",5,Edited 4 years ago,,False,none,none,no communication issue,unknown,unknown,not_applicable,"HVAC maintenance on two rooftop units:
Excellent job by Sam"
"Air Force One Plumbing Heating & Air, now part of A-Star Air Conditioning & Plumbng",5,Edited 4 years ago,,False,none,none,no communication issue,unknown,unknown,not_applicable,"Technician was prompt, professional, and able to simply explain the work he did and also the additional work he suggested."
"Air Force One Plumbing Heating & Air, now part of A-Star Air Conditioning & Plumbng",5,Edited 4 years ago,,False,none,none,no communication issue,unknown,unknown,not_applicable,"On time, prepared to go to work, considerate of environment."
"Air Force One Plumbing Heating & Air, now part of A-Star Air Conditioning & Plumbng",5,4 years ago,,False,none,none,no communication issue,unknown,unknown,not_applicable,Samuel was professional and provided us with excellent customer service. We will definitely use Air Force One plumbing!
"Air Force One Plumbing Heating & Air, now part of A-Star Air Conditioning & Plumbng",5,4 years ago,,False,none,none,no communication issue,established,unknown,not_applicable,"Javier was amazing! We had a new hot water heater replaced and hydro jetting of our outside drains. The water heater installation was standard, but our outside drains have been a problem for years. He really took the time to try and clear them out as much as possible, even though we think there was "
"Air Force One Plumbing Heating & Air, now part of A-Star Air Conditioning & Plumbng",5,4 years ago,,False,none,none,no communication issue,unknown,unknown,not_applicable,Sam did a wonderful job of explaining the issue with my A/C.  I appreciated the time that he took to diagnose and explain the problem.
"Air Force One Plumbing Heating & Air, now part of A-Star Air Conditioning & Plumbng",4,4 years ago,,True,other_comm_problem,have not seen them yet,The customer did not receive the maintenance reports on time.,unknown,unknown,review_management,"Sam did a good job & cleaned up after himeself. I usually see the reports on the maintenance the same day, but have not seen them yet.  He did not bring all of the required filters, but said he would drop them off later this week."
"Air Force One Plumbing Heating & Air, now part of A-Star Air Conditioning & Plumbng",5,5 years ago,,False,none,none,no communication issue,established,unknown,not_applicable,Air Force one has been fantastic from the install of my new hvac system to the routine maintenance.
"Air Force One Plumbing Heating & Air, now part of A-Star Air Conditioning & Plumbng",5,Edited 5 years ago,,False,none,none,no communication issue,unknown,unknown,not_applicable,Maintenance was smooth Samuel was very efficient and courteous.
"Air Force One Plumbing Heating & Air, now part of A-Star Air Conditioning & Plumbng",5,5 years ago,,False,none,none,no communication issue,established,unknown,not_applicable,"Juan is an exceptionally knowledgeable, through, and outgoing tech. He arrived on time and was wearing a mask and stood several feet away from me. I liked that a lot. He took his time checking everything out, looking at an issue with the heat I thought was broken (door on heater ajar-easy fix) and d"
"Air Force One Plumbing Heating & Air, now part of A-Star Air Conditioning & Plumbng",5,Edited 5 years ago,,False,none,none,no communication issue,established,unknown,not_applicable,"Air Force One just installed a new Lennox HVAC which includes 1 year of their HVAC maintenance plan. We still recommend Air Force One!  Colin is our usual technician for HVAC maintenance. All techs are professional, knowledgeable and friendly. All wore a mask. Office staff helpful and friendly.  Ann"
"Air Force One Plumbing Heating & Air, now part of A-Star Air Conditioning & Plumbng",5,5 years ago,,False,none,none,no communication issue,unknown,unknown,not_applicable,Great technician. Prompt and professional.
"Air Force One Plumbing Heating & Air, now part of A-Star Air Conditioning & Plumbng",5,5 years ago,,False,none,none,no communication issue,established,unknown,not_applicable,"Javier and Jeremy came out to diagnose my tankless water heater after the freeze. They were professional, on time, and so polite. Javier did a fantastic job of explaining the possibilities and setting expectations for what comes next. They have only done the initial diagnosis and haven’t repaired ye"
"Air Force One Plumbing Heating & Air, now part of A-Star Air Conditioning & Plumbng",5,Edited 5 years ago,,False,none,none,no communication issue,established,unknown,not_applicable,"Josue and the entire Air Force One team did a great job. They are very honest, trustworthy, reliable, and very helpful with their work. I would truly recommend the technician and Air Force One company. Their prices are great and an honorable company."
"Air Force One Plumbing Heating & Air, now part of A-Star Air Conditioning & Plumbng",5,Edited 5 years ago,,False,none,none,no communication issue,unknown,unknown,not_applicable,He could not fix but was very professional and did the best he could.
"Air Force One Plumbing Heating & Air, now part of A-Star Air Conditioning & Plumbng",5,5 years ago,,False,none,none,no communication issue,established,unknown,not_applicable,Air Force 1 was able to look at my system within an hour of calling for an appointment. Sam was very professional and helpful!
"Air Force One Plumbing Heating & Air, now part of A-Star Air Conditioning & Plumbng",5,Edited 5 years ago,,False,none,none,no communication issue,established,unknown,not_applicable,"Great company , technician was on time and very professional.  Explained everything in detail and answered all my questions"
"Air Force One Plumbing Heating & Air, now part of A-Star Air Conditioning & Plumbng",5,Edited 5 years ago,,False,none,none,no communication issue,unknown,unknown,not_applicable,"Josue was  on time, professional and competent.  Great job."
"Air Force One Plumbing Heating & Air, now part of A-Star Air Conditioning & Plumbng",5,5 years ago,,False,none,none,no communication issue,established,unknown,not_applicable,"We've used Air Force One for several items over the last few years and they've always done great work, everything from basic HVAC maintenance to a full furnace and ductwork replacement effort. They show up on time, give honest feedback about what is and isn't needed, and have always done a great job"
"Air Force One Plumbing Heating & Air, now part of A-Star Air Conditioning & Plumbng",5,5 years ago,,False,none,none,no communication issue,unknown,unknown,not_applicable,"Guys showed up on time, did the work quickly, courteously, and carefully.  Price was reasonable.  Very satisfied."
"Air Force One Plumbing Heating & Air, now part of A-Star Air Conditioning & Plumbng",5,Edited 5 years ago,,False,none,none,no communication issue,unknown,unknown,not_applicable,"Very professional , strait talking man knew what he was doing . showed up early made great contact prior to arrival:  Dressed with face coving to prevent covid. Would use again."
"Air Force One Plumbing Heating & Air, now part of A-Star Air Conditioning & Plumbng",5,Edited 5 years ago,,False,none,none,no communication issue,unknown,unknown,not_applicable,Excellent service. Explained everything to us in an understandable way.
"Air Force One Plumbing Heating & Air, now part of A-Star Air Conditioning & Plumbng",5,Edited 5 years ago,,False,none,none,no communication issue,established,unknown,not_applicable,"AF1 helped me with a clogged bathtub drain, installing new shower fixtures, installing new faucets for 3 sinks, and replacing toilet handles on my toilets. Estimates for each service were provided ahead of time, and before arrival, I would get a text with a photo of the technician and shared some pe"
"Air Force One Plumbing Heating & Air, now part of A-Star Air Conditioning & Plumbng",4,5 years ago,,False,none,none,no communication issue,established,unknown,not_applicable,"Got in touch with management who resolved my complaints to my satisfaction. Thanks, AF1!"
"Air Force One Plumbing Heating & Air, now part of A-Star Air Conditioning & Plumbng",5,Edited 5 years ago,,False,none,none,no communication issue,established,unknown,not_applicable,"Have only used them once, but was very pleased. Kevin came quickly and was very courteous and thorough. Great speedy service at a really great price = very happy customer.

Update: have been using Air Force One for years now and continue to be a very happy customer."
"Air Force One Plumbing Heating & Air, now part of A-Star Air Conditioning & Plumbng",5,Edited 5 years ago,,False,none,none,no communication issue,established,unknown,not_applicable,"The technician that serviced my units this time was very professional, quiet,courteous,neatly dressed,and friendly. He did install the two filters in a correct direction which the last technician installed one of the permanent filters up-side-down at which I was very disappointed looking forward for"
"Air Force One Plumbing Heating & Air, now part of A-Star Air Conditioning & Plumbng",5,Edited 5 years ago,,False,none,none,no communication issue,established,unknown,not_applicable,"Very professional, friendly, clean and trustworthy. Over the years when we’ve had breakdowns with heat or air, their after hours service has been a blessing. We especially like the service agreement to get our unit checked bi-annually for season changes and the additional discount for issues that ma"
"Air Force One Plumbing Heating & Air, now part of A-Star Air Conditioning & Plumbng",5,5 years ago,,False,none,none,no communication issue,established,unknown,not_applicable,"Today Collin Faith did the seasonal maintenance. He was, like all Air Force 1 technicians, polite and prompt."
"Air Force One Plumbing Heating & Air, now part of A-Star Air Conditioning & Plumbng",5,5 years ago,,False,none,none,no communication issue,established,unknown,not_applicable,"Hands down the best, most HONEST and courteous AC/Heating company you will find in the DFW area!!! They will go beyond the call of duty to get your AC running-  without scammy up selling that the big money tv advertised companies will do every time...  make Air Force One your first call."
"Air Force One Plumbing Heating & Air, now part of A-Star Air Conditioning & Plumbng",5,Edited 5 years ago,,False,none,none,no communication issue,established,unknown,not_applicable,"We have been President Club members of Air Force 1 for years now, and I recommend them highly. Twice annual check-ups keep us running smoothly with no surprises. The techs are always prompt, professional and highly knowledgeable.  Love this service."
"Air Force One Plumbing Heating & Air, now part of A-Star Air Conditioning & Plumbng",5,Edited 5 years ago,,False,none,none,no communication issue,unknown,unknown,not_applicable,"Always prompt, efficient and friendly"
"Air Force One Plumbing Heating & Air, now part of A-Star Air Conditioning & Plumbng",5,5 years ago,,False,none,none,no communication issue,established,unknown,not_applicable,"We had issues with our heating system, called Air Force One and they came the same day and fixed.  Collin was very respectful, professional and, knowledgeable. Would recommend them at anytime.  Thanks!!!"
"Air Force One Plumbing Heating & Air, now part of A-Star Air Conditioning & Plumbng",5,5 years ago,,False,none,none,no communication issue,unknown,unknown,not_applicable,Very knowledgeable technical people. Sam Hamons answered my many questions and really understands HVAC systems.
"Air Force One Plumbing Heating & Air, now part of A-Star Air Conditioning & Plumbng",5,5 years ago,,False,none,none,no communication issue,unknown,unknown,not_applicable,Responsive and helpful
"Air Force One Plumbing Heating & Air, now part of A-Star Air Conditioning & Plumbng",5,Edited 5 years ago,,False,none,none,no communication issue,established,unknown,not_applicable,"Customer for years, have the maintenance plan with twice a year checkups -- A good value.  Courteous and knowledgeable techs.  Quick and easy to schedule and dependable."
Unlimited Air Conditioning and Heating,5,Edited a month ago,,False,none,none,no communication issue,unknown,unknown,not_applicable,Unlimited air is awesome...quick response time and great communication..highly recommend this company
Unlimited Air Conditioning and Heating,5,5 months ago,,False,none,none,no communication issue,established,unknown,not_applicable,Frank and the crew were amazing to work with! These guys have been doing HVAC services for almost 20 years now so their expertise and experience speak for themselves. Worth all the money that you're going to invest in them so I highly recommend!
Unlimited Air Conditioning and Heating,5,6 months ago,,False,none,none,no communication issue,established,unknown,not_applicable,"Cleber was awesome, very professional, honest and got us taken care of.  We had a different company come out before but something felt off so we called Unlimited.  They were amazing!  Trust worthy and thorough. We would definitely recommend Unlimited!"
Unlimited Air Conditioning and Heating,5,9 months ago,,False,none,none,no communication issue,unknown,unknown,not_applicable,"Fast response, fast, clean and honest work, and everyone was very polite. Great company all around!!"
Unlimited Air Conditioning and Heating,5,9 months ago,,False,none,none,no communication issue,unknown,unknown,not_applicable,Prompt and quick same day service. The Cleber was friendly and did a great job explaining things.
Unlimited Air Conditioning and Heating,5,10 months ago,,False,none,none,no communication issue,established,unknown,not_applicable,"AMAZING SERVICE! I spend a lot of time doing my research before contracting someone to do an expensive project like heating and cooling. They are honest, fair priced and if you have issues they will come out quickly and resolve the issues. You don’t need to look at any of the 1-star reviews because "
Unlimited Air Conditioning and Heating,1,a year ago,,True,no_callback,"""he no-showed""",The technician failed to show up for the rescheduled appointment.,solo_operator,overwhelmed,callback_automation,First appointment he called 2 hours before to tell me it was too cold outside to do a routine air conditioning check up (the high was 62 degrees that day). Rescheduled to the following week and he no-showed.
Unlimited Air Conditioning and Heating,5,Edited a year ago,,False,none,none,no communication issue,unknown,unknown,not_applicable,Courteous and professional service. Appreciate having Unlimited Air Conditioning & Heating available and in our community.
Unlimited Air Conditioning and Heating,5,a year ago,,False,none,none,no communication issue,unknown,unknown,not_applicable,"Very good service, very professional in their work, they left my air system working at 100%, I highly recommend them, they do not leave until they are sure that everything is working correctly."
Unlimited Air Conditioning and Heating,5,a year ago,,False,none,none,no communication issue,unknown,unknown,not_applicable,Frank and his team are top notch!
Unlimited Air Conditioning and Heating,5,a year ago,,False,none,none,no communication issue,established,unknown,not_applicable,"My uncle and I recently had our unit go on the fritz. Frank found and fixed the issue (needed a new dual capacitor) in no time at all. He's efficient, courteous, and trustworthy. He explains things clearly and I would not hesitate to call him again. Thank you!"
Unlimited Air Conditioning and Heating,5,a year ago,,False,none,none,no communication issue,unknown,unknown,not_applicable,"Excellent service. Professional communication, technical work.
We are super satisfied.

Attila Pacsay
Contrinex USA, Coppell"
Unlimited Air Conditioning and Heating,5,a year ago,,False,none,none,no communication issue,unknown,unknown,not_applicable,Amazing service and they came out same day when our AC unit stopped working at our business.  Highly recommended.
Unlimited Air Conditioning and Heating,5,a year ago,,False,none,none,no communication issue,unknown,unknown,not_applicable,Excellent service and fixed our unit within a couple of hours!  Cannot recommend them enough.
Unlimited Air Conditioning and Heating,5,2 years ago,,False,none,none,no communication issue,unknown,unknown,not_applicable,Cleba and Frank did a great job helping me with a bad compressor that needed to be replaced.
Unlimited Air Conditioning and Heating,5,Edited 2 years ago,,False,none,none,no communication issue,established,unknown,not_applicable,Frank & his team are the trust worthy and dependable.  They have been doing my HVAC service work for years.  Replaced another system.  Excellent group of guys. I don’t have to worry about a thing
Unlimited Air Conditioning and Heating,5,2 years ago,,False,none,none,no communication issue,unknown,unknown,not_applicable,"Frank and his team at Unlimited Air are exceptional!  Timely , professional and reasonably priced!  They are awesome"
Unlimited Air Conditioning and Heating,5,Edited 2 years ago,,False,none,none,no communication issue,unknown,unknown,not_applicable,Always a great service with Unlimited!!  Thanks
Unlimited Air Conditioning and Heating,5,Edited 2 years ago,,False,none,none,no communication issue,established,unknown,not_applicable,"Unlimited Air provided a great service! They showed up when they said they would and quickly troubleshooted the problem, gave me several options and once selected, fixed our homes AC problem promptly! I would definitely recommend them!"
Unlimited Air Conditioning and Heating,5,2 years ago,,False,none,none,no communication issue,established,unknown,not_applicable,My first interaction with Frank was amazing. He was courteous and explained the service procedure. I received same day service which was a bonus. I received a text/email confirmation of my appointment. The best part is the text message had the name and a picture of the person who was coming to servi
Unlimited Air Conditioning and Heating,1,2 years ago,,True,no_callback,Frank said he would call back in 15 mins and never did,The customer was not called back after a promised callback.,solo_operator,overwhelmed,callback_automation,"No showed an appointment and provided zero communication. Frank said he would call back in 15 mins and never did and didn't show.

Extremely disappointed in how they're doing business."
Unlimited Air Conditioning and Heating,5,Edited 2 years ago,,False,none,none,no communication issue,established,unknown,not_applicable,"Frank and team are responsive, on time and always get the job done. They work to please and over the top careful. One example is we have an off white carpet on our spiral staircase and I asked that they be careful. When they were finished replacing some pretty heavy units upstairs, the carpeting was"
Unlimited Air Conditioning and Heating,1,2 years ago,,False,none,none,No communication issue.,established,unknown,not_applicable,My Ac went out I called Unlimited . The tech showed up tapped the Thermostat and tightened a wire . He said I needed a new thermostat but he did not have one on his truck. Charged me $143.00   trip charge . I will never call them again.
Unlimited Air Conditioning and Heating,2,2 years ago,,False,none,none,no communication issue,unknown,unknown,not_applicable,If you want to pay full retail prices and $400 for a 35 min AC check.
Unlimited Air Conditioning and Heating,5,2 years ago,,False,none,none,no communication issue,unknown,unknown,not_applicable,"The customer service was top-notch. Frank is a great guy who is friendly, attentive, and passionate about his work, his team to attention to detail and commitment to customer satisfaction truly stood out. I highly recommend Frank's business to anyone seeking top-of-the-line HVAC services."
Unlimited Air Conditioning and Heating,5,2 years ago,,False,none,none,no communication issue,established,unknown,not_applicable,"Highly recommend Unlimited Air Conditioning & Heating! After a recommendation from a friend who is a long-time customer of Unlimited (Frank), I reached out to Frank when our A/C suddenly stopped working on a Friday evening. Kleber, one of their team members, arrived at 8 am that Saturday and had our"
Unlimited Air Conditioning and Heating,5,Edited 2 years ago,,False,none,none,no communication issue,unknown,unknown,not_applicable,"Fast, effective and efficient!"
Unlimited Air Conditioning and Heating,5,Edited 2 years ago,,False,none,none,no communication issue,unknown,unknown,not_applicable,So happy to have found a company that knows what they are doing and is also responsive to their customers needs.
Unlimited Air Conditioning and Heating,5,Edited 2 years ago,,False,none,none,no communication issue,established,unknown,not_applicable,"The best in the business in terms of air conditioner repair and best AC tune up in Dallas. Frank and the team at Unlimited Air Conditioning are fast to reply, great to work with, and very fairly priced. They will get you taken care of!"
Unlimited Air Conditioning and Heating,5,Edited 3 years ago,,False,none,none,no communication issue,established,unknown,not_applicable,Dependable and totally trustworthy.  Have been using this company for over 25 yrs.
Unlimited Air Conditioning and Heating,5,3 years ago,,False,none,none,no communication issue,unknown,unknown,not_applicable,Excellent work I recommend it
Unlimited Air Conditioning and Heating,5,3 years ago,,False,none,none,no communication issue,unknown,unknown,not_applicable,"Good, professional work"
Unlimited Air Conditioning and Heating,5,Edited 3 years ago,,False,none,none,no communication issue,established,unknown,not_applicable,Unlimited is the best in both installation and service. I’ve been using them for over 30 years. I feel very lucky to have them provide their personal and professional service.  With many thanks!!
Unlimited Air Conditioning and Heating,5,Edited 3 years ago,,False,none,none,No communication issue.,unknown,unknown,not_applicable,"Respectful, clean and punctual service repair! Problem was fixed quickly and communication was excellent !"
Unlimited Air Conditioning and Heating,5,Edited 3 years ago,,False,none,none,no communication issue,established,unknown,not_applicable,Great service!  Have been using this company for years for all my A/C and Heating service and I trust their work and products.
Unlimited Air Conditioning and Heating,5,3 years ago,,False,none,none,no communication issue,established,unknown,not_applicable,"Frank and his team are professional, attentive and provide quick and clear communication. They took the time to explain the work they would complete, provide options for various solutions and prices, and their suggestions for on-going maintenance were valuable. When they did the initial diagnostic, "
Unlimited Air Conditioning and Heating,5,3 years ago,,False,none,none,no communication issue,established,unknown,not_applicable,"Unlimited Air conditioning and Heating is a trustworthy, thorough, and honest company. Frank and his team always do a great job of explaining any issues and getting them repaired in a timely manner. I will continue to recommend this company for any HVAC issues"
Unlimited Air Conditioning and Heating,5,Edited 3 years ago,,False,none,none,no communication issue,unknown,unknown,not_applicable,They were very honest and provided quality service!
Unlimited Air Conditioning and Heating,5,3 years ago,,False,none,none,no communication issue,unknown,unknown,not_applicable,Highly recommend .
Unlimited Air Conditioning and Heating,2,3 years ago,,True,other_comm_problem,they never got back with me,The customer was not provided with a breakdown of the estimate and was not contacted back.,small_team,overwhelmed,review_management,"First of all, they did not alert me to let me know that they were not coming on the suppose date that they were supposed to come. Then when they came the next day, they gave me an estimate two different prices. They did not break the estimate down as to say how much the actual part would cost, and h"
Unlimited Air Conditioning and Heating,5,3 years ago,,False,none,none,no communication issue,established,unknown,not_applicable,"Frank and the team did a fantastic job.  Prompt, professional, friendly, experienced."
Unlimited Air Conditioning and Heating,5,3 years ago,,False,none,none,no communication issue,established,unknown,not_applicable,"After ""successfully"" installing my own thermostat this summer I discovered a little too late (first cold snap of the season) that I wasn't as successful as I thought as the heat didn't work.  I called Unlimited on Sunday & they scheduled me for first thing on Monday morning.
The tech arrived on time"
Unlimited Air Conditioning and Heating,5,3 years ago,,False,none,none,no communication issue,unknown,unknown,not_applicable,very professional
Unlimited Air Conditioning and Heating,5,3 years ago,,False,none,none,no communication issue,unknown,unknown,not_applicable,"They are super easy to work with as far as scheduling, really great prices, efficient with time, and on top of everything they’re all nice! Cleber just completed a check on my furnace and did a great job."
Unlimited Air Conditioning and Heating,5,3 years ago,,False,none,none,no communication issue,unknown,unknown,not_applicable,Excellent job. Quick and efficient.
Unlimited Air Conditioning and Heating,5,Edited 3 years ago,,False,none,none,no communication issue,established,unknown,not_applicable,Fall heater check. Have used Frank for over 20 years and we highly recommend his company.
Unlimited Air Conditioning and Heating,5,3 years ago,,False,none,none,no communication issue,established,unknown,not_applicable,"I have used Frank & his Unlimited AC & Heating for over 10 years. His commitment to quality service, honesty & integrity at a competitive price are unparalleled. I am
glad to recommend him without reservation."
Unlimited Air Conditioning and Heating,5,3 years ago,,False,none,none,no communication issue,unknown,unknown,not_applicable,Always professional and very quick to respond. Great company all around!
Unlimited Air Conditioning and Heating,5,3 years ago,,False,none,none,no communication issue,unknown,unknown,not_applicable,They did an awesome job in a timely manner. Thank you for being so professional.
Unlimited Air Conditioning and Heating,5,Edited 3 years ago,,False,none,none,no communication issue,unknown,unknown,not_applicable,Excellent. I will be a client for life.
Unlimited Air Conditioning and Heating,5,Edited 3 years ago,,False,none,none,no communication issue,unknown,unknown,not_applicable,"Frank was great—- on time, courteous, organized and quickly identified the problem with our AC.   Highly recommend this company!"
Unlimited Air Conditioning and Heating,5,3 years ago,,False,none,none,no communication issue,established,unknown,not_applicable,"Frank was extremely responsive. The prices were fair. I compared this business to 12 other well-known places in the Dallas area. Frank got me an appointment the very next day. The service man who came out was clean, polite, professional, and knowledgable. They are a ""legitimate"" business. Confirmed "
Unlimited Air Conditioning and Heating,5,3 years ago,,False,none,none,no communication issue,unknown,unknown,not_applicable,Unlimited Air and Heat is super responsive and helpful. We highly recommend their services.
Unlimited Air Conditioning and Heating,5,Edited 3 years ago,,False,none,none,no communication issue,unknown,unknown,not_applicable,Great Work
Unlimited Air Conditioning and Heating,5,3 years ago,,False,none,none,no communication issue,unknown,unknown,not_applicable,Very professional and nice people!
Unlimited Air Conditioning and Heating,5,Edited 3 years ago,,False,none,none,no communication issue,unknown,unknown,not_applicable,Professional and great service .
Unlimited Air Conditioning and Heating,5,3 years ago,,False,none,none,no communication issue,unknown,unknown,not_applicable,very fast installation and great at getting us options for repairs
Unlimited Air Conditioning and Heating,5,3 years ago,,False,none,none,no communication issue,unknown,unknown,not_applicable,"Cleber was friendly, professional, clean and quickly fixed my AC issue.  Highly Recommend this company."
Unlimited Air Conditioning and Heating,5,3 years ago,,False,none,none,no communication issue,established,unknown,not_applicable,Evening HVAC trouble. The team answered my call that night and sent someone out first thing next morning. Fixed the issue that day. Cleber was great. Thank you for the quick help.
Unlimited Air Conditioning and Heating,5,3 years ago,,False,none,none,no communication issue,established,unknown,not_applicable,Great quality work all the time. Been using them for over 20+ years. Trust worthy and fairly priced.
Unlimited Air Conditioning and Heating,5,Edited 3 years ago,,False,none,none,no communication issue,established,unknown,not_applicable,I've been using Unlimited Air Conditioning & Heating for years.  Frank is extremely reliable and honorable. Always delivers on prompt response and is quick to schedule the job.  He also staffs a good crew.
Unlimited Air Conditioning and Heating,5,3 years ago,,False,none,none,no communication issue,established,unknown,not_applicable,"Unlimited air conditioning and heating is the best a/c service I've ever known I would definitely be making them our family ac person they are quick ,ontime ,respectful and will work with you prices are the best no one can beat there prices."
Unlimited Air Conditioning and Heating,5,Edited 3 years ago,,False,none,none,no communication issue,established,unknown,not_applicable,I use Unlimited AC all the time. For my own home and for my investment properties. I am in real estate and I’m always recommending them to my clients. They are honest and reasonable.
Unlimited Air Conditioning and Heating,5,3 years ago,,False,none,none,no communication issue,established,unknown,not_applicable,Great a/c service! I was in a pinch to get my hvac system checked out and Unlimited came to the rescue. Called to make an appointment and they had same day service call available. I booked for next day and they showed up and service was completed par excellent! Thanks to the employees at Unlimited F
Unlimited Air Conditioning and Heating,5,3 years ago,,False,none,none,no communication issue,established,unknown,not_applicable,Unlimited was great. Very friendly and professional staff. They were able to diagnose the problem and resolve it quickly. Cleber made sure to let me know the cost for the parts and service before he did any repairs. I could not ask for better service.
Unlimited Air Conditioning and Heating,5,3 years ago,,False,none,none,no communication issue,unknown,unknown,not_applicable,Fantastic work! Frank was very professional and got right to it figured out the issue and had us up and cooling in no time!
Eastin Heating and Air,5,Edited 3 days ago,,False,none,none,no communication issue,established,unknown,not_applicable,"Gavin came and did a great job checking our 5 units. He also talked to us in details about the status of each unit and need to replace one of them in the near future.

Installation of the replacement of one of our 5 systems went very well. The fan on the compressor was defective and a new one was in"
Eastin Heating and Air,5,Edited a week ago,,False,none,none,no communication issue,unknown,unknown,not_applicable,Great and efficient work with a great team .
Eastin Heating and Air,5,Edited a week ago,,False,none,none,no communication issue,unknown,unknown,not_applicable,"Professional, friendly, on time, efficient and multiple options for repairs."
Eastin Heating and Air,5,a week ago,,False,none,none,no communication issue,unknown,unknown,not_applicable,"Our service tech Jeff was so nice, friendly and professional. He did a great job and even reprogrammed my thermostat for me. I highly recommend this company!"
Eastin Heating and Air,5,Edited 2 weeks ago,,False,none,none,no communication issue,unknown,unknown,not_applicable,Knowledgeable young service technician. Well mannered and professional.
Eastin Heating and Air,5,Edited 2 weeks ago,,False,none,none,no communication issue,established,unknown,not_applicable,Family owned business all worked together well and each person had their area of expertise. After unit was installed they went over all on how to use thermostat etc.
Eastin Heating and Air,5,Edited 3 weeks ago,,False,none,none,no communication issue,unknown,unknown,not_applicable,Was on time and found the issue with the A/C. Would recommend.
Eastin Heating and Air,5,Edited 3 weeks ago,,False,none,none,no communication issue,unknown,unknown,not_applicable,"Great service from a technician who is efficient, knowledgeable, and has great communication skills. Antonio is the best!"
Eastin Heating and Air,5,Edited 3 weeks ago,,False,none,none,no communication issue,unknown,unknown,not_applicable,"Zach came out to our home for a seasonal check of our HVAC.  He was efficient, courteous and answered all our questions.  He also pointed out a couple of things for which we agreed to have done.

David & Ann Ziehe"
Eastin Heating and Air,5,a month ago,,False,none,none,no communication issue,established,unknown,not_applicable,"I recently  had  a air conditioning unit installed by (Dun RiTE). The scheduling process was straightforward, and the technicians arrived on time. They were highly professional, extremely helpful answering all my questions, and left the area clean."
Eastin Heating and Air,5,2 months ago,,False,none,none,no communication issue,unknown,unknown,not_applicable,Zachary was very professional and found my problem and explained the repair with some other things that I might address in the future without being pushy. The price was good and I will recommend them.
Eastin Heating and Air,4,2 months ago,,True,other_comm_problem,would improve service to keep customer updated on ETA,"The customer was not updated on the technician's ETA, causing uncertainty.",small_team,overwhelmed,review_management,"I was advised that technician was on his way but provided no ETA. With origination 45 minutes away plus having to backtrack to get tools, it would improve service to keep customer updated on ETA. The technician was very friendly and did a great job."
Eastin Heating and Air,5,2 months ago,,False,none,none,no communication issue,unknown,unknown,not_applicable,Great Job!
Eastin Heating and Air,5,2 months ago,,False,none,none,no communication issue,unknown,unknown,not_applicable,Robert was efficient and professional
Eastin Heating and Air,1,3 months ago,,False,none,none,no communication issue,unknown,unknown,not_applicable,Bought 2 new mini splits to replace the old ones. The salesmen said I needed new line sets. I bought new line sets. But the reused the old ones. I did not get a refund. I would not recommend them.
Eastin Heating and Air,5,Edited 3 months ago,,False,none,none,no communication issue,unknown,unknown,not_applicable,Very pleased!  Mark Walding was very efficient and professional.
Eastin Heating and Air,5,3 months ago,,False,none,none,no communication issue,unknown,unknown,not_applicable,Dunrite came out and repaired our heater. This review would have been done sooner but I needed to wait till it got cold again to make sure it was working   so far so good. It is nice to have heat when you need it.
Eastin Heating and Air,5,Edited 4 months ago,,False,none,none,no communication issue,unknown,unknown,not_applicable,"Professional, efficient and reliable. Thank you"
Eastin Heating and Air,5,4 months ago,,False,none,none,no communication issue,established,unknown,not_applicable,"I had a total failure of my HVAC system earlier this year. The team at Dun-Rite did a great job, replacing the unit. More recently, I had them out to calibrate the pilot light for the heating unit. Andrew was the tech who came out and after he adjusted the light 0.1 units it was perfect. I have had "
Eastin Heating and Air,1,5 months ago,,True,other_comm_problem,They said they were gonna send somebody out to fix it. They never did.,The customer was promised a follow-up visit but it never happened.,small_team,overwhelmed,review_management,This is for Dunwright heating and air not Einstein or  what ever. They overcharged me. They said they were gonna give me some kind of service package and that they could do it the next time they came out. Of course they didn’t do anything as far as the servicing goes. When they were repairing the ai
Eastin Heating and Air,5,5 months ago,,False,none,none,no communication issue,unknown,unknown,not_applicable,Very fast response to issue and great service.
Eastin Heating and Air,5,5 months ago,,False,none,none,no communication issue,unknown,unknown,not_applicable,"Antonio was very polite and personable.  He seemed to know what he was talking about. This service visit was free and was more like an evaluation of my system, which was installed in 2013. Of course it has issues and I am considering them. He was not pushy."
Eastin Heating and Air,5,5 months ago,,False,none,none,no communication issue,unknown,unknown,not_applicable,"Zach was very professional, worked quickly and thoroughly and explained everything to me. He worked to make sure the problem was fixed and clearly knew what he was doing and how to get there, even with an older unit. I really appreciated his work!"
Eastin Heating and Air,5,6 months ago,,False,none,none,no communication issue,unknown,unknown,not_applicable,Mark did a great job on our semi-annual system check-up.
Eastin Heating and Air,5,6 months ago,,False,none,none,no communication issue,unknown,unknown,not_applicable,"Your company has never let us down, we trust in your work
and advice"
Eastin Heating and Air,5,6 months ago,,False,none,none,no communication issue,unknown,unknown,not_applicable,Mark Walding did a great job.  He is my HVAC man from now on.
Eastin Heating and Air,1,6 months ago,,False,none,none,no communication issue,unknown,unknown,not_applicable,Job wasn’t done
Eastin Heating and Air,5,Edited 6 months ago,,False,none,none,no communication issue,unknown,unknown,not_applicable,"Derek arrived on time, was very professional, finished the work in good time."
Eastin Heating and Air,5,6 months ago,,False,none,none,no communication issue,unknown,unknown,not_applicable,"Very knowledgeable, quick and professional. Highly recommended!"
Eastin Heating and Air,5,Edited 6 months ago,,False,none,none,no communication issue,unknown,unknown,not_applicable,Perfect as always!
Eastin Heating and Air,5,Edited 6 months ago,,False,none,none,no communication issue,established,unknown,not_applicable,"Friendly, trustworthy, and professional! Quality workmanship and integrity!  I highly recommend their services! Michael Nettik is knowledgeable and able to communicate technical information that is understandable to a layman.  Thank you, Michael! Thank you, Dun-Rite!"
Eastin Heating and Air,5,6 months ago,,False,none,none,no communication issue,established,unknown,not_applicable,"Josh, with Dun-Rite HVAC was very knowledgeable, kind  and efficient. He  arrived in a timely manner and listened to my maintenance concerns. He serviced my AC and advised me on various filter types. I am glad I decided to hire DUn-Rite to do my quarterly maintenance plan as I have special medical n"
Eastin Heating and Air,5,7 months ago,,False,none,none,no communication issue,unknown,unknown,not_applicable,"You fixed a problem that another company could not. You CARED, and that speaks volumes about your company."
Eastin Heating and Air,5,7 months ago,,False,none,none,no communication issue,unknown,unknown,not_applicable,"Professional, efficient and helpful."
Eastin Heating and Air,5,7 months ago,,False,none,none,no communication issue,established,unknown,not_applicable,Dun Rite took over the company I had originally had (who was local in Bertram) and my expectations were still going to be high.  They did not fail and it helps that the technician who made the call to our house is the son of the owners of the former company!  The company has shown it's great custome
Eastin Heating and Air,5,Edited 7 months ago,,False,none,none,no communication issue,unknown,unknown,not_applicable,Courteous and professional
Eastin Heating and Air,5,7 months ago,,False,none,none,no communication issue,unknown,unknown,not_applicable,Mark was awesome!
Eastin Heating and Air,5,7 months ago,,False,none,none,no communication issue,unknown,unknown,not_applicable,great technician. very knowledgeable and polite and personable.
Eastin Heating and Air,5,7 months ago,,False,none,none,no communication issue,unknown,unknown,not_applicable,Process was pretty streamlined and everyone seemed to know what they were doing. Prices were in line with what other companies were charging as well.
Eastin Heating and Air,5,8 months ago,,False,none,none,no communication issue,unknown,unknown,not_applicable,CHRIS WAS EXCEPTIONAL ‼️
Eastin Heating and Air,5,8 months ago,,False,none,none,no communication issue,established,unknown,not_applicable,"From the moment I called requesting service till the job was completed, Dunrite did an awesome job. Antonio, our service technician explained everything he was doing and showed me his findings. We discussed options and came up with a service plan that met my short and long term needs. I highly recom"
Eastin Heating and Air,5,Edited 8 months ago,,False,none,none,no communication issue,unknown,unknown,not_applicable,"Jeremy with Dun-Rite was friendly, punctual and gave great input regarding dryer repair.  I’ll call them next time when repairs are needed for sure!"
Eastin Heating and Air,2,8 months ago,,False,none,none,no communication issue,unknown,unknown,not_applicable,"I received poor service from these people. They installed a 5 ton unit at my house. On a post installation visit, they told me that I needed $7,060 more work done or the unit wouldn’t work correctly. I no longer trust their work."
Eastin Heating and Air,5,8 months ago,,False,none,none,no communication issue,established,unknown,not_applicable,"I called DunRite on late afternoon and was able to schedule an appointment the next morning at a window from 8am to 10am. . At 8 am the next day, Mark W. was our Tech that came out on our service call. He was extremely polite and extremely knowledgeable. He was able to quickly diagnose the problem. "
Eastin Heating and Air,5,8 months ago,,False,none,none,no communication issue,unknown,unknown,not_applicable,got to the heart of the problem right away.
Eastin Heating and Air,5,8 months ago,,False,none,none,no communication issue,established,unknown,not_applicable,"Dun-Rite replaced our entire home HVAC system in 2023, and their service is great. This week, the capacitor in one of our units died, leaving us with working fan but no cold air. They were able to fit us in same day, and were onsite within a couple hours of my call. The tech was professional, polite"
Eastin Heating and Air,5,Edited 9 months ago,,False,none,none,no communication issue,unknown,unknown,not_applicable,Christopher was very professional and thorough. He took his time explaining the issue and his approach to solving it.
Eastin Heating and Air,5,9 months ago,,False,none,none,no communication issue,established,unknown,not_applicable,"Jeremy was prompt and professional. Worked hard on my problem and was able to isolate my problem to electrical issues. I have scheduled a appointment with an electrician. Jeremy has promised a follow-up if the issue is still no resolved
Jeremy offered some insights in maintaining older appliances th"
Eastin Heating and Air,5,Edited 9 months ago,,False,none,none,no communication issue,unknown,unknown,not_applicable,"The young man that did our service check did a very good job. he explained what he saw as an issue in terms i could understand.
Thank you"
Eastin Heating and Air,5,9 months ago,,False,none,none,no communication issue,established,unknown,not_applicable,Best experience that I have ever had! I call and someone came out the same day. The customer service was great and Michael provided grade A service! I highly recommend them for your business and/or your home.
Eastin Heating and Air,5,9 months ago,,False,none,none,no communication issue,unknown,unknown,not_applicable,"Prompt, excellent service. Very satisfied."
Eastin Heating and Air,5,9 months ago,,False,none,none,no communication issue,unknown,unknown,not_applicable,Dunrite HVAC did a great job.
Eastin Heating and Air,5,9 months ago,,False,none,none,no communication issue,unknown,unknown,not_applicable,Jeremy was great and the installation was very professionally done.
Eastin Heating and Air,5,9 months ago,,False,none,none,no communication issue,unknown,unknown,not_applicable,Called on Friday and had an appointment on Tuesday morning of the very next week. Prompt friendly service that got my job done.
Eastin Heating and Air,5,Edited 9 months ago,,False,none,none,no communication issue,unknown,unknown,not_applicable,Very thorough and attentive technician. He took the time to explain the issues and drew pictures so I would understand better. I didn’t feel forced into purchasing anything. He met my budget needs.
Eastin Heating and Air,5,9 months ago,,False,none,none,no communication issue,unknown,unknown,not_applicable,My technician was great! He explained what the issue was and what he was doing to fix it. He also stayed to make sure my unit was cooling after the repair before he left.
Eastin Heating and Air,1,9 months ago,,True,no_response,NO communication from Dun Rite as to when the repairs will happen.,Dun Rite failed to communicate with the customer about the repair status.,established,overwhelmed,review_management,"Showed up the same day I requested service, but 10 days later I am still waiting for repairs with NO communication from Dun Rite as to when the repairs will happen."
Eastin Heating and Air,5,10 months ago,,False,none,none,no communication issue,unknown,unknown,not_applicable,Prompt and very courteous and informative.
Eastin Heating and Air,5,10 months ago,,False,none,none,no communication issue,established,unknown,not_applicable,"I had a problem with my air conditioner not cooling and called this company for help. Within a few hours a Tech named Andrew came out and found what was broken. He show me the part that needed replacing and ordered it for me. If they treat all their customers this good, they've got my business from "
Eastin Heating and Air,5,10 months ago,,False,none,none,no communication issue,unknown,unknown,not_applicable,"Great service technicians. Friendly, informative, polite & knowledgeable. On time service."
Eastin Heating and Air,5,10 months ago,,False,none,none,no communication issue,unknown,unknown,not_applicable,Prompt and friendly
Eastin Heating and Air,5,Edited 10 months ago,,False,none,none,no communication issue,unknown,unknown,not_applicable,Very nice and professional.
Eastin Heating and Air,5,10 months ago,,False,none,none,no communication issue,unknown,unknown,not_applicable,Came out the same day and fixed our issue.
Eastin Heating and Air,5,10 months ago,,False,none,none,no communication issue,established,unknown,not_applicable,Rey pleased with Andrew of Dunrite (All Year Heating and Cooling).  Took time to explain what needed to be done and showed pictures. Highly recommend!!
Eastin Heating and Air,5,10 months ago,,False,none,none,no communication issue,unknown,unknown,not_applicable,The installation technicians were on time and professional.  They had everything that was needed to complete the job.
Eastin Heating and Air,5,10 months ago,,False,none,none,no communication issue,unknown,unknown,not_applicable,Excellent and quick
Eastin Heating and Air,5,Edited 10 months ago,,False,none,none,no communication issue,unknown,unknown,not_applicable,"Dun-rite Heating and Air Conditioning came out and serviced our A/C system,  our new system is working great, thank you for your time and professionalism!"
Eastin Heating and Air,1,10 months ago,,False,none,none,no communication issue,established,unknown,not_applicable,"Review of Dunrite Heating & Cooling

I’ve used Dunrite in the past and previously appreciated their professionalism and quality service. Unfortunately, my most recent experience has fallen far short of that standard.

In April, during a routine A/C inspection, Dunrite reported that everything was fu"
Eastin Heating and Air,5,10 months ago,,False,none,none,no communication issue,established,unknown,not_applicable,"We had a clog in the PVC pipe that goes from the attic to the bathroom down stairs. It would fill up the overflow  tray and stop the air conditioning.
They keep coming back at no charge till all the clogs were gone after 25 years of debris . It was so nice to have  air-conditioning people that were "
Eastin Heating and Air,5,11 months ago,,False,none,none,no communication issue,unknown,unknown,not_applicable,Very knowledgable and courtious
Eastin Heating and Air,5,11 months ago,,False,none,none,no communication issue,unknown,unknown,not_applicable,Outstanding work and the technician quickly identified the problem and fixed the dryer without any issues
Eastin Heating and Air,4,11 months ago,,False,none,none,no communication issue,unknown,unknown,not_applicable,The serviceman was honest and helpful.
Eastin Heating and Air,1,11 months ago,,True,other_comm_problem,I told him to put that in writing in an email which I never received.,The customer was not sent a promised email with the technician's assessment.,small_team,bad_culture,review_management,"The company offered a free spring air-conditioning check. The young gentleman came out to my house and after about 30 minutes, sat down with me and told me both my attic and outdoor units needed to be replaced ASAP. That I had a coolant leak and the unit would not last for another two months. The fe"
Eastin Heating and Air,5,Edited 11 months ago,,False,none,none,no communication issue,unknown,unknown,not_applicable,"Crew was on time, very respectful, courteous and informative."
Eastin Heating and Air,5,11 months ago,,False,none,none,no communication issue,unknown,unknown,not_applicable,"Spenser suggested the best maintenance plan for my hvac. He explained everything before he started working and answered questions I had regarding my hvac.
Always pleasant and friendly!!"
Eastin Heating and Air,5,11 months ago,,False,none,none,no communication issue,unknown,unknown,not_applicable,Great service again!
Eastin Heating and Air,5,Edited a year ago,,False,none,none,no communication issue,unknown,unknown,not_applicable,I had an issue with a clogged condensate drain.  Spenser did a professional job and cleared it downstream by using compressed nitrogen and adding a drain cleaner followed by flushing it with about 2 gallons of tap water.
Eastin Heating and Air,5,Edited a year ago,,False,none,none,no communication issue,established,unknown,not_applicable,"Excellent service.  Spencer went the distance to make sure that our new system was installed correctly and answered all of our questions.  He was also competent, respectable of our property, polite, and a pleasure to work with."
Eastin Heating and Air,5,Edited a year ago,,False,none,none,no communication issue,unknown,unknown,not_applicable,Excellent service and response times. Very friendly!
